denominator_group,Stubby,Thin,Mushroom,Unclassified
1,0.18248175182481752,0.35766423357664234,0.45985401459854014,0
,0.2356687898089172,0.25477707006369427,0.5095541401273885,0
