denominator_group,1,
Stubby,0.43640204580831665,0.5635979541916835
Thin,0.5839975707887345,0.41600242921126546
Mushroom,0.4743657378542996,0.5256342621457004
