denominator_group,1,
Stubby,0.4032258064516129,0.5967741935483871
Thin,0.550561797752809,0.449438202247191
Mushroom,0.4405594405594406,0.5594405594405595
